title,link,source_name,date_found,url
Hedging Its Bets: Serbia Between Russia and the EU - Carnegie Endowment for International Peace,https://news.google.com/rss/articles/CBMiugFBVV95cUxPeUFvalBGbU1RcXo4cXE5b1JIdElZVGY2S0NCY09oZlVmWFF2RDNCZVZuRHhXNUkzNkNfc3V4SndfWkJSZHVRRFdKbGZpZGxCNHJDT2hLeHY2bEpTMGFuYm5fREE2MHp5YWo0ajJ3UmstNUFxNHRwaUhMa0FfaHpIXzUydk9HR09URldSZDRJUi0wSUwwWjRIdjJZSVZOQVRlY2pWeEtUTDYzQkdTZGFzTGhxY3E5aXpEenc?oc=5,Carnegie Endowment for International Peace,2023-01-19,https://carnegieendowment.org/research/2023/01/hedging-its-bets-serbia-between-russia-and-the-eu?center=europe&lang=en
Trust and Compromise Return to EU-UK Relations - Carnegie Endowment for International Peace,https://news.google.com/rss/articles/CBMitwFBVV95cUxNVVZBa2JiRjlIdldGdVBlMjdUUnRWRWZjM0RhejY1Nkh0a3hqMUZyZXJIMEl1c19IZGdPcWV6RjhqQk12ZFNNNUZDRmw2Rk4tdzUzNHY5U2pmWS1xTkNXSEdzdF9HN2VadjFLYmFDQXdRR1JrUzkzakRqSTdVQTV6aDJ0cTREUWk3R2xKaTJwYzBqLV9YS0pwemNsajF3VW5ITlVlSG5rci1lV1ktSE5VYlQ4SWxxdzA?oc=5,Carnegie Endowment for International Peace,2023-03-09,https://carnegieendowment.org/europe/strategic-europe/2023/03/trust-and-compromise-return-to-eu-uk-relations?lang=en
"US, EU allies scold Kosovo for escalating tensions with Serbia - POLITICO Europe",https://news.google.com/rss/articles/CBMikwFBVV95cUxNX284UnpHWmFGRW5UQlZYZkh3b0ZzdjB3cFZnUE5aUmx6SXM0dFZDWm52MFcwVmtwNTJKNy1WdUM4RkhWcDRibzRoUUVnZWUxYVBiVVlkN1hqZlppanVPVjItUUhVcGNlTzdCemttX3pLcFhzNmtZZUs1eTBWR3lUSkNmZ0hmb1l2Umc3T0U4N3JFQ2s?oc=5,POLITICO Europe,2023-05-27,https://www.politico.eu/article/us-eu-allies-scold-kosovo-for-escalating-tensions-serbia/
Violence in northern Kosovo: The United States’ failed bet on Serbia - European Council on Foreign Relations,https://news.google.com/rss/articles/CBMilgFBVV95cUxNX1lEN1dpWnVxOUJPM3Z5UXJHSGNyZlk3aVNaN1pONnRjcW1XQlNLblNxbERUc3dkcnlGaXUyRm5tQVg2VmZBRU9mRkU4bnNDdFBuTGZuOHVSYWtoT3FILXp3MHJaejVUTnJFcWl3dUJqdkZVbmpDaU4xd281SVBRaGdVTFp0SktpNGxnUFJVRzVGVVB2eUE?oc=5,European Council on Foreign Relations,2023-06-01,https://ecfr.eu/article/violence-in-northern-kosovo-the-united-states-failed-bet-on-serbia/
Turmoil in Kosovo Hurts Relations with US - Voice of America English News,https://news.google.com/rss/articles/CBMihwFBVV95cUxPaWRpMnI2QUpoQXdIdlFXcVNaTnZzTlotYmpXcUhWdWhabVBQdWppaklUWVhNb2w0NHowVHNZb295cE5YRWgxamRadlJKMXVaZGRaZWk1aHYyYTF5bVRBNnVVcFk2TGIwaG9KM2VTRWZFNnhYTkgycnRwbENBQ2E4WTIzZzJBc3fSAYoBQVVfeXFMT2p1MV9EcjlTNFd4THlEbDBaWWFLb19Edldsekd1LTQ3TkRLcEprdGZqcTItN2p0N3ZIaWVnZmdPcmRnSmJHQ0FaemNvdHg2cTJ4M3ZNbngzemt2dFgwREVSMnZQMUx2djV1Qm1DZndGU20yQS1fX3hORExDNUJaNm1ZOE1kSVVJUzBB?oc=5,Voice of America English News,2023-06-02,https://www.voanews.com/a/turmoil-in-kosovo-hurts-relations-with-us/7119784.html
UNITED STATES/SERBIA : Belgrade quietly builds rapprochement with US as Ukraine war continues - 12/06/2023 - Intelligence Online,https://news.google.com/rss/articles/CBMi6gFBVV95cUxNWUNPVWtNR2R0ME8wMXN0cHZyNlBZUWFON0hZSjZRWXh5Um9UcDlfT1piT08yRlAtVkpVb3QyT182YzNvc1NnMGxWTHJnclJQSFBJTkVqYnVjZnlNeUVDNEotaGs0QkRDbmVZTXJkYmVaeVJialZpSHJ1cUh1MGNsbmt1WnRYRXpvQ01fXzRueWRoMl9iNG91YUtzTGozdTZVenl5TUhpTlpVUjlYQjhvYzRNYjR4MlVjMjNyYkJRaHdJWWVlSGhLRDlBTVkyRlMzUlR4UGN4Uk9seko3ajE0c0J4MVNSbHRaX2c?oc=5,Intelligence Online,2023-06-12,"https://www.intelligenceonline.com/government-intelligence/2023/06/12/belgrade-quietly-builds-rapprochement-with-us-as-ukraine-war-continues,109992729-eve"
Hokanson: Bilateral Defense Relations with Serbia on Positive Trajectory - National Guard Bureau,https://news.google.com/rss/articles/CBMi4wFBVV95cUxPQ1NONHlIbkZHNTlVaWJkOG9wQUoyZ0FET1RCLUYwdEVZS2FXX0h1QkJORENMVm9CV0xvd1N4dXVFaF9BRTdwdUE2Vk9jbXBKUjhROV8xRFBzMGtSVGhERUtYcHAyVkF1UTJuWEwtd1NuenUyWDRkc2ZYZTdTWlJVTnFDZm1sSDRhRHA2MzVZbDRsUGJPck1rMVZBcjFqLVNnN3BCM3dlVGxLNXVSUngyVFZVTlV6aVBVUDQ0VXVtYVJqdEhGV1l2aUNWaW5fbEIxU0RLRW4tVnRkS1ZjbmFFWlUtTQ?oc=5,National Guard Bureau,2023-06-21,https://www.nationalguard.mil/News/State-Partnership-Program/Article/3434584/hokanson-bilateral-defense-relations-with-serbia-on-positive-trajectory/
The next European Union member is… - Atlantic Council,https://news.google.com/rss/articles/CBMikgFBVV95cUxNMFJ3eWhRNzhJd01jZldUd0pIeU1kSnpPWlZnNUpOS3RzSWtONncwR3hOV0ZtQnF2cVA0eHRfWHRaenJneFFzSndYSmhHdVI2OF81TU1VYTBHakhFVVc2MEFMWFVvanFwOE9EZTNvNnlfdUI0dHZYOGMwZ1g3VzVETFMzZ3hpNWQtbFFFVWZLakZhZw?oc=5,Atlantic Council,2023-06-30,https://www.atlanticcouncil.org/blogs/new-atlanticist/the-next-european-union-member-is/
Economic Relations between the Western Balkans and Non-EU Countries - swp-berlin.org,https://news.google.com/rss/articles/CBMiV0FVX3lxTE9iUnNrdjhLaU5rRG1YT3VGODVyRnlYbXFQV0pXS1FNYzFKNE1HbUdiQkJBQzN0OWY1Wm41WHBkYS1uc1dySElBT01KTEpjUW5nQ3lrb0dSMA?oc=5,swp-berlin.org,2023-07-07,https://www.swp-berlin.org/10.18449/2023C36/
Serbia’s Staged Balancing Act - Georgetown Journal of International Affairs,https://news.google.com/rss/articles/CBMid0FVX3lxTFBCMG5BdThRTE5WVHN3RU5EbTRtNm40SEZ6TEpBTDZlUERoeGhlUTlld3RHT2pTUW1mMnNXbjA5Y0xyM2VwelBFRER5MFNjSERQNnVhMWZEc2FBaGtVZUpPVGxFWW5TVkdSMlFCdVctZVg4NGdaRXZZ?oc=5,Georgetown Journal of International Affairs,2023-08-07,https://gjia.georgetown.edu/2023/08/07/serbias-staged-balancing-act/
"Chairs of foreign affairs committees, MPs and MEPs urge US, UK and EU to reconsider approach to Kosovo and Serbia - European Western Balkans",https://news.google.com/rss/articles/CBMi7wFBVV95cUxNcFhJTGJkLXg1VzhkQ2toLThtSTN3bGVsRmNOWlZIOTgtOHZHTTJVd3FhVW1ZZmkzeUM5MlhCVWZLb2VubVMyd0t2RkR4SFFkQk1pX1VVTUpWczJTcldQb1daNVBmcTJxWVBDSmV4YjR4SUo5TFdWd0h4N0w3TVVWVF9QWW5mS29rNUQyWlNHMVdLZGNOc1RwT3dwLWpINWNfam9JZ3Y5MHJMeGtSa1lBOFJRUXZJdHJGVEx6c0d2WWU2dVRnUEZMV2E3WHc3NTFaVUlvVkR6SWxQTmw3WXNwVEQtVlhjN2VpWmhadktBbw?oc=5,European Western Balkans,2023-08-07,https://europeanwesternbalkans.com/2023/08/07/chairs-of-foreign-affairs-committees-mps-and-meps-urge-us-uk-and-eu-to-reconsider-approach-to-kosovo-and-serbia/
Serbia determined to continue strengthening cooperation with UK - srbija.gov.rs,https://news.google.com/rss/articles/CBMirAFBVV95cUxOMzRDa3IzY1Fyc1pINlk5VnFaTlZncGU3dlhCemw1aVN1aUs5c2RHVnZRVHlTbjZWRkZkZUZyeDRLWmpLNFBmWl9xQm9sSGxLYjBfZ2tqbC1Rek5xUlFKdXNTWnBDWHVMSjNFa1ZuZ0RMYXdnM2tYbldibURjdHNYb0RCQjNSWDNxWENhUmJGLWtmcWprRVh4bnNYa1VXMUpmU1lxaFdzXy1YSnV3?oc=5,srbija.gov.rs,2023-08-09,https://www.srbija.gov.rs/vest/en/211020/serbia-determined-to-continue-strengthening-cooperation-with-uk.php
Is the West Changing Its Policy on Serbia? - Voice of America English News,https://news.google.com/rss/articles/CBMiiAFBVV95cUxQRm9JSWxZeHM2S3ZrLWtRUkhCbk9NM1lMeEkzSnI2bEJwMHZjWGczVUNNc19HMDZ6RldIcnVyckhERHZSTEFzMEg3RzROSGtUdFlkNEdsOC0zbkpEQjFQZXItekh5MC0tbTM2VkdzU0FLSzVjQ2FhNnAtZm5mdkxpbVZ1UW4xZ0950gGLAUFVX3lxTE56Ulk3LUFXcnJOU3hGeDlFUlYyOEU0T2pPcmllMnVYSEpZNGctcGpZT1F1SVZiVzJuemlVVWRqS0dOZnp0TzhsNzYwOFBwQWk4ekdnR2RQTmhpcjlCWjM4NUhxLTNWdmUteHc4eDdJcW5zVHh3eE9fQkJtUmpBRVFLcjZRMWV5cXctY0U?oc=5,Voice of America English News,2023-09-01,https://www.voanews.com/a/is-the-west-changing-its-policy-on-serbia-/7250494.html
Kosovo: Why have tensions flared up with Serbia and why are British troops being sent there? - Sky News,https://news.google.com/rss/articles/CBMikwFBVV95cUxPQ0RxOU5keF9aNTJQb0NLQnlpdGpSTzJqcms1dDJ6ekpTVi1vVWVCQ2RlSUNpcjRHc3UxMl84WFBhYnVRLUVhR0xyUlBYcFBfTm4xV1YzSmpMWVlTMHBwZ3RTdUZnc3lvcjJUclNGVXpDdy1zMDI5azFraUphX3hNZHpJb25ZS1FQUUFhT2dUUkRaaFnSAZgBQVVfeXFMTkx2d0FkU3B6QXo4Ri1JTGItaExzMnFod20wVDRQWHlQbWZ5WGNxQUVOeU9abjdrR0lMbVBFeE9sdGg0ZjFQOUFlMWEwVW52OXkyXzRQSXdUTEE3RmZ0ZDBWSGQ4V0RMMmpka1lIOTNGQ05IRFp4Q0JiOUU1NmhZMXdSd2pudU5oSHBMbFJHZTc2aDAtMHk3Vl8?oc=5,Sky News,2023-10-02,https://news.sky.com/story/why-have-tensions-flared-up-between-serbia-and-kosovo-12892946
Minister Vučević Meets Newly Appointed Ambassador of the United Kingdom of Great Britain and Northern Ireland - Министарство одбране,https://news.google.com/rss/articles/CBMi5gFBVV95cUxPU0cxVG16cHRYbTR4b2RFdUZKR2hqZnZSYmY3SjllUXl2WHNfTFlzblo4R1RQMGk3NVpSZXJEQzRaX0pOS1g3Szd3bzU4TE1iNzUtSHYxR0ZMX1dtX1hMd21hd1pDM1JBRzdyQlRiT3FDY0QweFZjX2x6MEhrTmVhM0lLT01FYzN1OXRBMTlZMjRsWW9DXzI0RjhWU3doQlZmNE1JVGpCVFMwZllwc2RSV0xuMWZNLXJrZm5GRElucmdJTEVKQ0VGRUZxMS1CRkM2LWxOalItaVlOVUJBUEhPY1didTFTdw?oc=5,Министарство одбране,2023-10-03,https://www.mod.gov.rs/eng/20536/sastanak-ministra-vucevica-sa-novoimenovanim-ambasadorom-ujedinjenog-kraljevstva-velike-britanije-i-severne-irske20536
The normalisation of relations between Kosovo and Serbia is vital: UK statement at the UN Security Council - GOV.UK,https://news.google.com/rss/articles/CBMi3AFBVV95cUxNdkhRaFB3LVdFTUE5YmtSUDdnc2hjWlJ4c2JIcEp5bzVjOG1SUk54LWJoZjNLR3ZuUkdYR0xBTjFGVTEwZ1NqTlhLb20wVjlnb0pFYnZMVGZGdlNDTVFjUGQ0YUJ1SmYyOURRbjlYb1JfRmUwWWZhdGxmZDgtODVLTFpRN3hOb2RtVjVaS3hvQVk5dXpCU200S3pNeWxNN2xjeTdMQkh4M0xYSjZFc0lVX3hLZ0NWOWVNc1lmQWNrXzBDZk5CbGN1NzBveGdZdlR2eUY4SDU0QThxdWtz?oc=5,GOV.UK,2023-10-23,https://www.gov.uk/government/speeches/the-normalisation-of-relations-between-kosovo-and-serbia-is-vital-uk-statement-at-the-un-security-council
The Serbian Roots of Kosovo Turmoil - Australian Institute of International Affairs,https://news.google.com/rss/articles/CBMimgFBVV95cUxPTkl3bU1VR3pfZWxHcUZJU1M2ZW5vRFRjb2ZYYlNyN2NyUHRJSXh1NURMRjliZ2NTclNfbjc4ZnFQcTR5cDlHM2N0NDlGMGJUN3lCeDhfTF84UDdvX1BiTjJVWHB6TXNpUEh0TGtvVjE2dTJtd3dIM1VRRUNIaE1uV0YySnBhUHVqeXVscjhCSGk4V1FEMmh2dFZ3?oc=5,Australian Institute of International Affairs,2023-10-31,https://www.internationalaffairs.org.au/australianoutlook/the-serbian-roots-of-kosovo-turmoil/
"Ambassador of Thailand to Norway, hosted a Reception on the occasion of the Birthday Anniversary of His Majesty King Bhumibol Adulyadej The Great, Thai National Day, and Thai Father’s Day - กระทรวงการต่างประเทศ",https://news.google.com/rss/articles/CBMiYEFVX3lxTE5UbHpOQ3lSNktXZEpfeTdHLTRqQm52TWlrMG9zVUR0Z29oMUlFdjllWkJZd1BLUXVGc2tiamtLM0d1UU1KU2xZQjVLWVNlejZRYWlCY1haUDJVVjRUOHhlUg?oc=5,กระทรวงการต่างประเทศ,2023-12-07,https://www.mfa.go.th/en/content/pr-oslo-12052023-4
The Implications of China-Serbia Relations for Kosovo - The Diplomat,https://news.google.com/rss/articles/CBMijwFBVV95cUxPWTkxRXlLcnh4by0xUk5DN0JsVGdJRmdCbFFIQUI4eWpUTG16M2RCUW5ueHZwR0R2Rk9JZkVDUUNZUW1xazhlUzJiM0VZWGJ2OTBycjJXYXV1Z21oOEx3d3lXaEpnaUpGRnJQbWp2RVpCMHhzSTJZZnlxeDJlZTV5dm45cGkxRnhjcUxjV3ZvUQ?oc=5,The Diplomat,2023-12-28,https://thediplomat.com/2023/12/the-implications-of-china-serbia-relations-for-kosovo/
"Bosnia, Serbia, United States Congressman Robert Aderholt, the Bosnian Serb lobbyists' friend in Washington - Intelligence Online",https://news.google.com/rss/articles/CBMi8AFBVV95cUxNMEw5WkxFb3VIaUg0YTQ3Q1RWMmxSdFhZQzJ0Z0tEamVKMUZDTlRmbTdOLVJZYkJ4WW9pMWtkRm1lNzFXN2dRUHZJc1dxeGk3RHVzcS1ybmt4VjFqZjhOM203eXJiTkU5cjVxNnNLT1l5NGJJVHgtc1pYWmMzcU4yZFlQRC1kMkJKem1kQWJJbUk4QTQ0Q0pHdnY1WTNiTWwtUF9sYUtEVUZMdFVtNngxZUZHY1FCX0M2UDRmcFNFVE40bzctbTk3bEQzODBrdi1URGdwc3hxT2hFLWJwY2k5MzBLcEEtUlJlTDcyNWhfVDk?oc=5,Intelligence Online,2024-01-08,"https://www.intelligenceonline.com/corporate-intelligence/2024/01/08/congressman-robert-aderholt-the-bosnian-serb-lobbyists--friend-in-washington,110135256-art"
"US Confirms Kosovo’s Request for Anti-Tank Missiles, Serbia ‘Disappointed’ - Balkan Insight",https://news.google.com/rss/articles/CBMirAFBVV95cUxQYkJLZ01ISXN3X1JzbmxhUEM0QURWVmJjR2RKdnQwOGFzYlVqdkthNTVMb3dZOVFwckwydGhCTXlWNmxaVnljbi1HeXhzQU5IaW5taUsyeFFjQi1NSzBmUTh0REJHV2ZIUEhwSkpqZnp4ME5GVHdjOHZvSnVIMHVZUW9YUGd3SFpCc053Y01uM0RFZ2JuT2RUM2lFVVdxMHJIckkxNVhURENtSkhz?oc=5,Balkan Insight,2024-01-11,https://balkaninsight.com/2024/01/11/us-confirms-kosovos-request-for-anti-tank-missiles-serbia-disappointed/
Russia: Serbia’s history is key to understanding its close relationship with Moscow - theconversation.com,https://news.google.com/rss/articles/CBMitwFBVV95cUxQalVIRGxjb1hSbTl0djMyVzd2c09UVzRFUkk0Nm8xajMzY1hpb05sUHBWaEZhNUE3c3dQME16SE56c1VSYVJET3hJQ005WDl3Vnc4QW85QnhlUU5lR2hYNDd0NjM5Y0Z5SUd0UnRPS2d2ZFUtNDdna3ZfdkFMR1pxOTRYOGdRckV1WkhxWHNIQms4ZUdnSlVfT2VZU2VQZWVCdTRJdVFqNi1LX3lrUkNLVUxZMGdERkE?oc=5,theconversation.com,2024-02-27,https://theconversation.com/russia-serbias-history-is-key-to-understanding-its-close-relationship-with-moscow-223601
Final exercise to take place in Pester on the border with Kosovo - Euronews,https://news.google.com/rss/articles/CBMipwFBVV95cUxPWUNnV2ViUTJKWElObmxFZE9RbkRRak4tRUppcHo2MXc5NjJKR1dfQXZfWFQtNnVmQnN3QnExYnQzeEx4dzlHdThlVW1UMjdPalk4Zk0wMHByUzh3RTF6SGVqLUdzVGFGejM3Wkd6YXU1ZEh0MFdsZTZhVmM0a2ZwMjN1MjdrWVpFcVNWcHc3R1M5UzZiR3hPdTBrcnVnSlBCRWFOSUI0bw?oc=5,Euronews,2024-04-18,https://www.euronews.com/2024/04/18/serbian-military-drill-ramps-up-as-relations-with-kosovo-deteriorate
Kosovo: developments since 1999 and relations with Serbia - Commons Library,https://news.google.com/rss/articles/CBMidEFVX3lxTFBBbl9VN1c1cTRTSG9MRmVYYWxWWVUwc0ZqR0pxX0NfM0Z5LS1odUZiblpjSnRXVnhqN2dMa1NsTmxPekRCN2Y0d0xjUW1UaDVYMW1CeFpkZ0NUbWlDRW9hZjR5YlJqak8xS3VqdXhxX2hhNGNk?oc=5,Commons Library,2024-04-29,https://commonslibrary.parliament.uk/research-briefings/cbp-10012/
"US, EU and Serbia Condemn Kosovo’s Closure of Serb Banks - Balkan Insight",https://news.google.com/rss/articles/CBMilwFBVV95cUxPQVFkR2xIOHAxSzFjdS1EZ09mUVlHbkFObGxzUGxUN2ZhZFZjbTB5Sk9pZWlPZTVYa295Z2ZiOVVyNEgtNTdJYnJOYndZMk02N1lSb01ISXc0MFlXbnJyc2ZKd2k1eEM1aGdEY25wdHc5cGNWM2ZwcVl0R3ZoQmRLY1ZkN1BWRzZ3bGgyN2paQmRrNTZnWFFr?oc=5,Balkan Insight,2024-05-21,https://balkaninsight.com/2024/05/21/us-eu-and-serbia-condemn-kosovos-closure-of-serb-banks/
Fork In the Road: Serbia’s Dilemma - International Affairs Review,https://news.google.com/rss/articles/CBMiXEFVX3lxTFBOUTBDMFdFTUxfTlc2X2Q4RWFzeDYyeTZ5ZjE1VzFrR0tIWjZ0cXFKMC1KSy1lb084UUhxOGk0YVJrTkZLbDlBN3ZWdHBjN1AtR3N2YkxpYkpRT0NR?oc=5,International Affairs Review,2024-06-07,https://www.iar-gwu.org/blog/iar-web/fork-in-the
China-Serbia Bilateral Relations: Trade and Investment Outlook - China Briefing,https://news.google.com/rss/articles/CBMiugFBVV95cUxPdlotYWV2OW1sVk1jbElMZEdNZV9PdnpxUjFicXZNTGpNYU1ka2l2bjhJenJQRU5sdDdZdm84bk9qbjVYNlFrTTJFaEJUN254S0laY09iNmFxdFZLUDQyN29TRTctVXktSDNrX1hua1hVSWV6MDR0YjQyQnhYQUVZR1hVVjJ3X1o5al9vc0dvdWVueXlVLTZHTHlZQm5Ga20zRmR0ajk0RU5ydmV0UW1OUlVJS3NGVlctbEE?oc=5,China Briefing,2024-06-28,https://www.china-briefing.com/news/china-and-serbia-sign-free-trade-agreement-bilateral-trade-and-investment-outlook/
"Serbia's Nuclear Energy Quest Opens Geopolitical Flash Point For China, Russia, And The West - Radio Free Europe / Radio Liberty",https://news.google.com/rss/articles/CBMijwFBVV95cUxPbUoxbk12RFA4TnFaR292cjUzTkhHb1hjTWJWT3ZONkV3SHpJRnBHVVd4SVBHZW5URzV5RE1TbnVMZFRSRGhvMUxqTWJad3VuRmIwSTV5Ylo3dGczcEpKbGNKNTlBNWJ5VEJGMjZjSFJENUhWb2dUak5aNmJSOGd4QzJyaHRvWUxmZ0VMdWR5TdIBkgFBVV95cUxNYjhjVVA2MU9jRkRzLWpudExIam1RRFlEYUs4cjJGT283Rmcyc2hWUW1UOGN2Y1NpVWR4MWtBakFvcERUOHlWcExqTDI1MXp1VlJxSTNSdlllZThPOUQzY2VtODdhT1pZbXZabi1LNDZhMnJmbFJ4S1hDTWJpUTQ2cFR5WFNVazN1MnNNNV9ka053UQ?oc=5,Radio Free Europe / Radio Liberty,2024-07-10,https://www.rferl.org/a/serbia-nuclear-energy-hungary-china-rosatom-paks/33029040.html
What JD Vance really thinks about Europe - POLITICO Europe,https://news.google.com/rss/articles/CBMipAFBVV95cUxORjhQVWloZmg3aVFhYVk4WG5nUS0tcHBqdlFtX1ZJVnlSU2tPaTRYR2NCR3JUMDVWN3AyOHRPY3RISDNFcU1ydUdwcWtSY2VYcWN3ZUhlbDlwMnZpbTB2elV3MUZXOFo0SUVVUWhobTVMZEtWU1dsRDJNWkZwcFlxM09mU09YaW9UQjU2TlBvMUNsbVItRUY1TURNc2VTOEZnc2N1Sw?oc=5,POLITICO Europe,2024-07-16,https://www.politico.eu/article/j-d-vance-donald-trump-mate-us-isolationism-brussels-europe-relations/
2024 Investment Climate Statements: Serbia - Department of State,https://news.google.com/rss/articles/CBMifEFVX3lxTE9hNjR4QVZrTngwMENjRzVXcTFMal81U3FJS1FZUmI0UjM3R0Y4WjJyQ2s4U2tnY25wOG9Xa3EySkpqTTJib1ByaGlScXRUeFg0ZFFTVFhCNld4WjhtS1dpb1ctRVBtVVl2WXN3eURONTVDSGRwcm43MDNsY2s?oc=5,Department of State,2024-07-17,https://www.state.gov/reports/2024-investment-climate-statements/serbia/
China’s interests in Central Europe - Geopolitical Intelligence Services AG,https://news.google.com/rss/articles/CBMidEFVX3lxTE55NElkN1ZGaDlxU1dmTGd0RnNOd2ZsN2xLbVlaNFNTQXV2MDV5amxFSENBVDVIU0pTYm8yS0Y4RGlwRXlFZWc5M0ZSaUZXNFpTTVNwd3FZaVdvd0FORHhyMVE1NjlxMGlwUFJKQ0lvSjF5YmpQ?oc=5,Geopolitical Intelligence Services AG,2024-07-22,https://www.gisreportsonline.com/r/china-interests-central-europe/
European Political Community Summit: What a New Labour Government Means for EU-UK Relations - Wilson Center,https://news.google.com/rss/articles/CBMivgFBVV95cUxQVWdDX1d4Y1VJb3pyVnZ0UjJZRUFKaEVfa1M0emp5U1p0UDQ4SlB3WC1Fc0V3b1VZZ2o1a3Vfa2lKd2U1M3pvVURvQ0sxeXFjRXphSzh0cXdXajFITGcwWS01MFpIanFWSzUzY21MV2ZPaWdzc2NyTjZmVjg5LVcwbXpEQVZnMTd0MWNqbWNaX19xb0o4WlpMWFF2ZTJlR3UycnZjZzBmOFViTW5yakw4WTFsZjBoYWtzZm8tR09R?oc=5,Wilson Center,2024-07-29,https://www.wilsoncenter.org/article/european-political-community-summit-what-new-labour-government-means-eu-uk-relations
Kosovo Gets €31 Million US Grant Despite Worsened Relations - Balkan Insight,https://news.google.com/rss/articles/CBMingFBVV95cUxOVmpXT2hha056cG1hTWZUdmJZeVFwNXhyOWppM0U5VUNIMk1yRkJQOG4taTJJaTJxQ1Y4MktUR2wzOFJMMGk2VEVRbkJGbzUtcWlJXy1lQzlpdmpjZ3ZPanFmOUh6MmdKbkZSRzZmby1NNU1USEtYOGM4VmVVbUVjNDV5aEt3bXplbVY0d21sMnNFTWFSZWVRODFmbkpCZw?oc=5,Balkan Insight,2024-08-21,https://balkaninsight.com/2024/08/21/kosovo-gets-e31-million-us-grant-despite-worsened-relations/
How the US Elections Could Shake Up the Western Balkans - German Council on Foreign Relations | DGAP,https://news.google.com/rss/articles/CBMijwFBVV95cUxOWHhhbEUzaUlyQVl0dHFWNUdRZUJ2dm1Na3FYbHFFNExDSEFRX2dwWHQ1ZktmMUNLekRjdGdoZm5DaVoydGhWRjktSm9SNmV1bFZSTTJvUV9NLUp3UnVjbzRYREtMLWJxY3ZJbE9iSzFWYmpEY04tQ2FUZ1UxWGZQVFVCUHhnMEcwYm5CcTBoaw?oc=5,German Council on Foreign Relations | DGAP,2024-09-03,https://dgap.org/en/research/publications/how-us-elections-could-shake-western-balkans
"Serbia, USA sign agreement on strategic cooperation in energy - srbija.gov.rs",https://news.google.com/rss/articles/CBMiqAFBVV95cUxPYmFGUERBdjJ3RFJmXzdKaXJjZlBuM3RCSVJzZmliS0FMUmtTYURUbmVKU1doUTRtUDN5cTNIWE5hSVJVZDhZeU91YzVNbjM2VWxCTHgyZmZ0REI5amJOalRtbkhYMVpyMU04Z1ZlTDJNTUdlT0RsaHFidXlPdC1XR2lMUV81cUFWSzRhaUt0Mjl0QTRRNFN1MUFuSm4zeTExakpVenJkMlc?oc=5,srbija.gov.rs,2024-09-18,https://www.srbija.gov.rs/vest/en/231499/serbia-usa-sign-agreement-on-strategic-cooperation-in-energy.php
United States and Serbia sign an Agreement on Strategic Cooperation in Energy - European Western Balkans,https://news.google.com/rss/articles/CBMiwgFBVV95cUxPa0wwRVZNRTBsNHJyVTZMNDNOX1hveXRXeUx6T2lBQmYxZWhTM21aUmlwQS03aVVpNkpUeE9ZenJaWlRydm1TMmdjLXkzWHJCbkd5RjNybzJWS19zVUlYX05TNmROM1RyZUQ5c3YzQWpQc3RHc2JRY2NrUy1SYUlIRldZdm5FQVRpc3NXUHhzVEVhcEZXTEp5SnpWQnp6d2FCaWtaVlIwWkJIZzhEOEpid1VLNHc3d3ZEQnJPVVBNRDR1UQ?oc=5,European Western Balkans,2024-09-19,https://europeanwesternbalkans.com/2024/09/19/united-states-and-serbia-sign-an-agreement-on-strategic-cooperation-in-energy/
A Conversation With President Vjosa Osmani Sadriu of Kosovo - Council on Foreign Relations,https://news.google.com/rss/articles/CBMigAFBVV95cUxQQm5NWFN2UEp5cF9pOEdjM3JIMkYyNHhZMVkwcF9meHdScG5SbUh4UllmeWJ1bWI2SThHdGhGbWNYX1U5U3BpU0t4U29QVjlDZlhUTGZwT2kwWk1iTThTWFNuWmRPTHN2OEpXMGVySlBUa3lLbm0zd0xxMElWUjM1NA?oc=5,Council on Foreign Relations,2024-09-25,https://www.cfr.org/event/conversation-president-vjosa-osmani-sadriu-kosovo
Ex-Diplomat Says Serbia and Kosovo ‘Buying Time’ in Relations - Balkan Insight,https://news.google.com/rss/articles/CBMingFBVV95cUxPUnJJb2RydzN6NGJXQlR4MGVDMDVkMTAzam5oaEY4RlVMOExOS1pEX3JWOUhNWFdvQzlFZUhrQWQxOGFLTkh3Wm9TS2U0d3Uza3czSFlibnUxZi0tNXpMYkdoMjg3aHZDbF9SbWxnN09MdW95NlJlNjVIdE52M2IxSE44U1dQdUdDeVlIQUdueGhUQzVjbElKaFEtNXg0Zw?oc=5,Balkan Insight,2024-10-04,https://balkaninsight.com/2024/10/04/ex-diplomat-says-serbia-and-kosovo-buying-time-in-relations/
"Relations between Serbia, United States on upward trajectory - srbija.gov.rs",https://news.google.com/rss/articles/CBMipwFBVV95cUxNaDBwQW5IM1ZOeVNTeU4zTEkzM0ExbDVVcjlXMlFvN3EwSF9JMFRpR1Jyb0lBRG50Y3JTZVRuWHRCWU1iUF9hd0RkQkZHZ1VSamMtdnhlcGxhaGJERGJKRTNpZGZpYml2UjJ3TVc5TUpvNmprUUc3M2hCZE1DckQzNXBGQnlGMHh0c2I2bmZRTkZWZGtnN3ZmUmJCdVNtZWpsMC1BWjhaMA?oc=5,srbija.gov.rs,2024-10-11,https://www.srbija.gov.rs/vest/en/233719/relations-between-serbia-united-states-on-upward-trajectory.php
Serbia and Israel: Anatomy of a Friendship - ISPI,https://news.google.com/rss/articles/CBMikwFBVV95cUxPSHFJLUJ3VGVZNm1KSmJ2a3VvUmozVGRzSU9ON2hsU21MZnBIR1VHd19qWnZ0bER4dy01TjJNOE9iOHRJTmxOYXZmdy1TbzQwaXhIWG5ySTJZUU1Zay1iQzhpOS1OTWdDQThCWU1DVDY0TDlrRzJTcjdTOXhUcE91Zmx3LUU1dDlqVXZXRTZ4WVFqdGc?oc=5,ISPI,2024-10-18,https://www.ispionline.it/en/publication/serbia-and-israel-anatomy-of-a-friendship-187729
Serbia and US: The next great trans-Atlantic friendship? - DW (English),https://news.google.com/rss/articles/CBMikAFBVV95cUxQXzVxaVgyQXJGYmROV3gxNHE3aUVRb3pyVUYzd1VSWnBTVjdLRG5OZ3gtTjdhWEg4WUtUaS1ROFR1UUFSY21fUFFXZW1vS2dxX0NpRkZNZG9aS0RWWHVwcG96QTZ5dzRManl4M2Z1TkZNbThobVNQLWhRdXZqajFIZ0I3LTlZTTBseU5rUHdpLXXSAZABQVVfeXFMTjh1TzY1OFRSNUx2SjJURDRSMno0YUFWZnZJbjlOaW1Gbnl2cTBaMkliRlE3WmYzWmNaM2hnUGlzbjFuSm9YWFNGR1ZkazAzeTF4bE02S3JjMm1NV1cycEE0d0phVVlweHptbWxnX0twcWQ1MlEwSF9MVFpKMzkyOG9FbzlXWXhrRHJhalAtTDdC?oc=5,DW (English),2025-01-10,https://www.dw.com/en/serbia-and-us-the-next-great-trans-atlantic-friendship/a-71268835
"Brexit, Bridges, and Barriers: Where Next for EU-UK Relations? - Carnegie Endowment for International Peace",https://news.google.com/rss/articles/CBMiswFBVV95cUxOcUlpbkQyUHBoOEZlMVlOeXZXWkd4eVVhUmpuVkZneGdhZUxPZDNFeXRVQjcxNXRMb1l5b1pBRUdaYnhBWXNNcGZGZ3NkOFlZTVdYWFJlNmstUTF4eWl4RlB6MUNDQVF0QkktU0lqM2tTQUtYclJ4SXBGWDFod1BCZmhPX2VFLXVEX1l5bEdEMmxORXRMR29sTE9WUmZDSnhMcUVSWXN2d1dxYW43T21hTGxmQQ?oc=5,Carnegie Endowment for International Peace,2025-01-29,https://carnegieendowment.org/research/2025/01/brexit-bridges-and-barriers-where-next-for-eu-uk-relations?lang=en
Wonderkids assemble! Under-21 Euros in 2027 to be held in Albania and Serbia as England aim to defend title won in 2023 - Goal.com,https://news.google.com/rss/articles/CBMirAFBVV95cUxOcVJadDNVc0tkQVh6Ym4xT0NTY3N6T184dW1NVWNacmU5TE5PQ0t1c2h3T3R3RU1VSi1ZMVJkeGZGRlJIR2pnenAwZl9hem1naGhSQUNoQlZONWFZczRDaEY3WUlUZjk5STktdDJZdURUaVNDRmVROUNjOEEya21Pcmc3LUVkRlQ4XzJMU2hMVmJ0emE4aGxraGczLXRkQXlWVWI3Q1U3OEcza2Mz?oc=5,Goal.com,2025-02-04,https://www.goal.com/en-gh/lists/under-21-euros-2027-albania-serbia-england-defend-title/blt9db93db03d0760bc
"Tomorrow, Kosovo holds parliamentary elections - CNA.al",https://news.google.com/rss/articles/CBMijAFBVV95cUxObG85Rmd3MUowa0xxU2VZdmFOYkluSnh6MXRWMnpiOTJ5SjIyVzYtQnBlX18yeDFwcUhLZzNuZUMzV3JycVZxN1lfblhabklFU2oxUWZubXlUamNxN1NlMFhQSG9WanljRzlWQk1mRWNfOFFZTVRJVFlJcksya000Z0JCX25SVFRFamtoWQ?oc=5,CNA.al,2025-02-08,https://www.cna.al/english/kosova-bota/neser-kosova-ne-zgjedhje-parlamentare-i422307